fileId,baseTextId
2440724,0
2440725,1024
2440726,2048
2440727,3072
2440728,4096
2440729,5120
2440730,6144
2440731,7168
2440732,8192
2440733,9216
2440734,10240
2440735,11264
2440736,12288
2440737,13312
2440738,14336
2440739,15360
2440740,16384
2440741,17408
2440742,18432
2440743,19456
2440744,20480
2440745,21504
2440746,22528
2440747,23552
2440748,24576
2440749,25600
2440750,26624
2440751,27648
2440752,28672
2440753,29696
2440754,30720
2440755,31744
2440756,32768
2440757,33792
2440758,34816
2440759,35840
2440760,36864
2440761,37888
2440762,38912
2440763,39936
2440764,40960
2440765,41984
2440766,43008
2440767,44032
2440768,45056
2440769,46080
2440770,47104
2440771,48128
2440772,49152
2440773,50176
2440774,51200
2440775,52224
2440776,53248
2440777,54272
2440778,55296
2440779,56320
2440780,57344
2440781,58368
2440782,59392
2440783,60416
2440784,61440
2440785,62464
2440786,63488
2440787,64512
2440788,65536
2440789,66560
2440790,67584
2440791,68608
2440792,69632
2440793,70656
2440794,71680
2440795,72704
2440796,73728
2440797,74752
2440798,75776
2440799,76800
2440800,77824
2440801,78848
2440802,79872
2440803,80896
2440804,81920
2440805,82944
2440806,83968
2440807,84992
2440808,86016
2440809,87040
2440810,88064
2440811,89088
2440812,90112
2440813,91136
2440814,92160
2440815,93184
2440816,94208
2440817,95232
2440818,96256
2440819,97280
2440820,98304
2440821,99328
2440822,100352
2440823,101376
2440824,102400
2440825,103424
2440826,104448
2440827,105472
2440828,106496
2440829,107520
2440830,108544
2440831,109568
2440832,110592
2440833,111616
2440834,112640
2440835,113664
2440836,114688
2440837,115712
2440838,116736
2440839,117760
2440840,118784
2440841,119808
2440842,120832
2440843,121856
2440844,122880
2440845,123904
2440846,124928
2440847,125952
2440848,126976
2440849,128000
2440850,129024
2440851,130048
2440852,131072
2440853,132096
2440854,133120
2440855,134144
2440856,135168
2440857,136192
2440858,137216
2440859,138240
2440860,139264
2440861,140288
2440862,141312
2440863,142336
2440864,143360
2440865,144384
2440866,145408
2440867,146432
2440868,147456
2440869,148480
2440870,149504
2440871,150528
2440872,151552
2440873,152576
2440874,153600
2440875,154624
2440876,155648
2440877,156672
2440878,157696
2440879,158720
2440880,159744
2440881,160768
2440882,161792
2440883,162816
2440884,163840
2440885,164864
2440886,165888
2440887,166912
2440888,167936
2440889,168960
2440890,169984
2440891,171008
2440892,172032
2440893,173056
2440894,174080
2440895,175104
2440896,176128
2440897,177152
2440898,178176
2440899,179200
2440900,180224
2440901,181248
2440902,182272
2440903,183296
2440904,184320
2440905,185344
2440906,186368
2440907,187392
2440908,188416
2440909,189440
2440910,190464
2440911,191488
2440912,192512
2440913,193536
2440914,194560
2440915,195584
2440916,196608
2440917,197632
2440918,198656
2440919,199680
2440920,200704
2440921,201728
2440922,202752
2440923,203776
2440924,204800
2440925,205824
2440926,206848
2440927,207872
2440928,208896
2440929,209920
2440930,210944
2440931,211968
2440932,212992
2440933,214016
2440934,215040
2440935,216064
2440936,217088
2440937,218112
2440938,219136
2440939,220160
2440940,221184
2440941,222208
2440942,223232
2440943,224256
2440944,225280
2440945,226304
2440946,227328
2440947,228352
2440948,229376
2440949,230400
2440950,231424
2440951,232448
2440952,233472
2440953,234496
2440954,235520
2440955,236544
2440956,237568
2440957,238592
2440958,239616
2440959,240640
2440960,241664
2440961,242688
2440962,243712
2440963,244736
2440964,245760
2440965,246784
2440966,247808
2440967,248832
2440968,249856
2440969,250880
2440970,251904
2440971,252928
2440972,253952
2440973,254976
2440974,256000
2440975,257024
2440976,258048
2440977,259072
2440978,260096
2440979,261120
2440980,262144
2440981,263168
2440982,264192
2440983,265216
2440984,266240
2440985,267264
2440986,268288
2440987,269312
2440988,270336
2440989,271360
2440990,272384
2440991,273408
2440992,274432
2440993,275456
2440994,276480
2440995,277504
2440996,278528
2440997,279552
2440998,280576
2440999,281600
2441000,282624
2441001,283648
2441002,284672
2441003,285696
2441004,286720
2441005,287744
2441006,288768
2441007,289792
2441008,290816
2441009,291840
2441010,292864
2441011,293888
2441012,294912
2441013,295936
2441014,296960
2441015,297984
2441016,299008
2441017,300032
2441018,301056
2441019,302080
2441020,303104
2441021,304128
2441022,305152
2441023,306176
2441024,307200
2441025,308224
2441026,309248
2441027,310272
2441028,311296
2441029,312320
2441030,313344
2441031,314368
2441032,315392
2441033,316416
2441034,317440
2441035,318464
2441036,319488
2441037,320512
2441038,321536
2441039,322560
2441040,323584
2441041,324608
2441042,325632
2441043,326656
2441044,327680
2441045,328704
2441046,329728
2441047,330752
2441048,331776
2441049,332800
2441050,333824
2441051,334848
2441052,335872
2441053,336896
2441054,337920
2441055,338944
2441056,339968
2441057,340992
2441058,342016
2441059,343040
2441060,344064
2441061,345088
2441062,346112
2441063,347136
2441064,348160
2441065,349184
2441066,350208
2441067,351232
2441068,352256
2441069,353280
2441070,354304
2441071,355328
2441072,356352
2441073,357376
2441074,358400
2441075,359424
2441076,360448
2441077,361472
2441078,362496
2441079,363520
2441080,364544
2441081,365568
2441082,366592
2441083,367616
2441084,368640
2441085,369664
2441086,370688
2441087,371712
2441088,372736
2441089,373760
2441090,374784
2441091,375808
2441092,376832
2441093,377856
2441094,378880
2441095,379904
2441096,380928
2441097,381952
2441098,382976
2441099,384000
2441100,385024
2441101,386048
2441102,387072
2441103,388096
2441104,389120
2441105,390144
2441106,391168
2441107,392192
2441108,393216
2441109,394240
2441110,395264
2441111,396288
2441112,397312
2441113,398336
2441114,399360
2441115,400384
2441116,401408
2441117,402432
2441118,403456
2441119,404480
2441120,405504
2441121,406528
2441122,407552
2441123,408576
2441124,409600
2441125,410624
2441126,411648
2441127,412672
2441128,413696
2441129,414720
2441130,415744
2441131,416768
2441132,417792
2441133,418816
2441134,419840
2441135,420864
2441136,421888
2441137,422912
2441138,423936
2441139,424960
2441140,425984
2441141,427008
2441142,428032
2441143,429056
2441144,430080
2441145,431104
2441146,432128
2441147,433152
2441148,434176
2441149,435200
2441150,436224
2441151,437248
2441152,438272
2441153,439296
2441154,440320
2441155,441344
2441156,442368
2441157,443392
2441158,444416
2441159,445440
2441160,446464
2441161,447488
2441162,448512
2441163,449536
2441164,450560
2441165,451584
2441166,452608
2441167,453632
2441168,454656
2441169,455680
2441170,456704
2441171,457728
2441172,458752
2441173,459776
2441174,460800
2441175,461824
2441176,462848
2441177,463872
2441178,464896
2441179,465920
2441180,466944
2441181,467968
2441182,468992
2441183,470016
2441184,471040
2441185,472064
2441186,473088
2441187,474112
2441188,475136
2441189,476160
2441190,477184
2441191,478208
2441192,479232
2441193,480256
2441194,481280
2441195,482304
2441196,483328
2441197,484352
2441198,485376
2441199,486400
2441200,487424
2441201,488448
2441202,489472
2441203,490496
2441204,491520
2441205,492544
2441206,493568
2441207,494592
2441208,495616
2441209,496640
2441210,497664
2441211,498688
2441212,499712
2441213,500736
2441214,501760
2441215,502784
2441216,503808
2441217,504832
2441218,505856
2441219,506880
2441220,507904
2441221,508928
2441222,509952
2441223,510976
2441224,512000
2441225,513024
2441226,514048
2441227,515072
2441228,516096
2441229,517120
2441230,518144
2441231,519168
2441232,520192
2441233,521216
2441234,522240
2441235,523264
2441236,524288
2441237,525312
2441238,526336
2441239,527360
2441240,528384
2441241,529408
2441242,530432
2441243,531456
2441244,532480
2441245,533504
2441246,534528
2441247,535552
2441248,536576
2441249,537600
2441250,538624
2441251,539648
2441252,540672
2441253,541696
2441254,542720
2441255,543744
2441256,544768
2441257,545792
2441258,546816
2441259,547840
2441260,548864
2441261,549888
2441262,550912
2441263,551936
2441264,552960
2441265,553984
2441266,555008
2441267,556032
2441268,557056
2441269,558080
2441270,559104
2441271,560128
2441272,561152
2441273,562176
2441274,563200
2441275,564224
2441276,565248
2441277,566272
2441278,567296
2441279,568320
2441280,569344
2441281,570368
2441282,571392
2441283,572416
2441284,573440
2441285,574464
2441286,575488
2441287,576512
2441288,577536
2441289,578560
2441290,579584
2441291,580608
2441292,581632
2441293,582656
2441294,583680
2441295,584704
2441296,585728
2441297,586752
2441298,587776
2441299,588800
2441300,589824
2441301,590848
2441302,591872
2441303,592896
2441304,593920
2441305,594944
2441306,595968
2441307,596992
2441308,598016
2441309,599040
2441310,600064
2441311,601088
2441312,602112
2441313,603136
2441314,604160
2441315,605184
2441316,606208
2441317,607232
2441318,608256
2441319,609280
2441320,610304
2441321,611328
2441322,612352
2441323,613376
2441324,614400
2441325,615424
2441326,616448
2441327,617472
2441328,618496
2441329,619520
2441330,620544
2441331,621568
2441332,622592
2441333,623616
2441334,624640
2441335,625664
2441336,626688
2441337,627712
2441338,628736
2441339,629760
2441340,630784
2441341,631808
2441342,632832
2441343,633856
2441344,634880
2441345,635904
2441346,636928
2441347,637952
2441348,638976
2441349,640000
2441350,641024
2441351,642048
2441352,643072
2441353,644096
2441354,645120
2441355,646144
2441356,647168
2441357,648192
2441358,649216
2441359,650240
2441360,651264
2441361,652288
2441362,653312
2441363,654336
2441364,655360
2441365,656384
2441366,657408
2441367,658432
2441368,659456
2441369,660480
2441370,661504
2441371,662528
2441372,663552
2441373,664576
2441374,665600
2441375,666624
2441376,667648
2441377,668672
2441378,669696
2441379,670720
2441380,671744
2441381,672768
2441382,673792
2441383,674816
2441384,675840
2441385,676864
2441386,677888
2441387,678912
2441388,679936
2441389,680960
2441390,681984
2441391,683008
2441392,684032
2441393,685056
2441394,686080
2441395,687104
2441396,688128
2441397,689152
2441398,690176
2441399,691200
2441400,692224
2441401,693248
2441402,694272
2441403,695296
2441404,696320
2441405,697344
2441406,698368
2441407,699392
2441408,700416
2441409,701440
2441410,702464
2441411,703488
2441412,704512
2441413,705536
2441414,706560
2441415,707584
2441416,708608
2441417,709632
2441418,710656
2441419,711680
2441420,712704
2441421,713728
2441422,714752
2441423,715776
2441424,716800
2441425,717824
2441426,718848
2441427,719872
2441428,720896
2441429,721920
2441430,722944
2441431,723968
2441432,724992
2441433,726016
2441434,727040
2441435,728064
2441436,729088
2441437,730112
2441438,731136
2441439,732160
2441440,733184
2441441,734208
2441442,735232
2441443,736256
2441444,737280
2441445,738304
2441446,739328
2441447,740352
2441448,741376
2441449,742400
2441450,743424
2441451,744448
2441452,745472
2441453,746496
2441454,747520
2441455,748544
2441456,749568
2441457,750592
2441458,751616
2441459,752640
2441460,753664
2441461,754688
2441462,755712
2441463,756736
2441464,757760
2441465,758784
2441466,759808
2441467,760832
2441468,761856
2441469,762880
2441470,763904
2441471,764928
2441472,765952
2441473,766976
2441474,768000
2441475,769024
2441476,770048
2441477,771072
2441478,772096
2441479,773120
2441480,774144
2441481,775168
2441482,776192
2441483,777216
2441484,778240
2441485,779264
2441486,780288
2441487,781312
2441488,782336
2441489,783360
2441490,784384
2441491,785408
2441492,786432
2441493,787456
2441494,788480
2441495,789504
2441496,790528
2441497,791552
2441498,792576
2441499,793600
2441500,794624
2441501,795648
2441502,796672
2441503,797696
2441504,798720
2441505,799744
2441506,800768
2441507,801792
2441508,802816
2441509,803840
2441510,804864
2441511,805888
2441512,806912
2441513,807936
2441514,808960
2441515,809984
2441516,811008
2441517,812032
2441518,813056
2441519,814080
2441520,815104
2441521,816128
2441522,817152
2441523,818176
2441524,819200
2441525,820224
2441526,821248
2441527,822272
2441528,823296
2441529,824320
2441530,825344
2441531,826368
2441532,827392
2441533,828416
2441534,829440
2441535,830464
2441536,831488
2441537,832512
2441538,833536
2441539,834560
2441540,835584
2441541,836608
2441542,837632
2441543,838656
2441544,839680
2441545,840704
2441546,841728
2441547,842752
2441548,843776
2441549,844800
2441550,845824
2441551,846848
2441552,847872
2441553,848896
2441554,849920
2441555,850944
2441556,851968
2441557,852992
2441558,854016
2441559,855040
2441560,856064
2441561,857088
2441562,858112
2441563,859136
2441564,860160
2441565,861184
2441566,862208
2441567,863232
2441568,864256
2441569,865280
2441570,866304
2441571,867328
2441572,868352
2441573,869376
2441574,870400
2441575,871424
2441576,872448
2441577,873472
2441578,874496
2441579,875520
2441580,876544
2441581,877568
2441582,878592
2441583,879616
2441584,880640
2441585,881664
2441586,882688
2441587,883712
2441588,884736
2441589,885760
2441590,886784
2441591,887808
2441592,888832
2441593,889856
2441594,890880
2441595,891904
2441596,892928
2441597,893952
2441598,894976
2441599,896000
2441600,897024
2441601,898048
2441602,899072
2441603,900096
2441604,901120
2441605,902144
2441606,903168
2441607,904192
2441608,905216
2441609,906240
2441610,907264
2441611,908288
2441612,909312
2441613,910336
2441614,911360
2441615,912384
2441616,913408
2441617,914432
2441618,915456
2441619,916480
2441620,917504
2441621,918528
2441622,919552
2441623,920576
2441624,921600
2441625,922624
2441626,923648
2441627,924672
2441628,925696
2441629,926720
2441630,927744
2441631,928768
2441632,929792
2441633,930816
2441634,931840
2441635,932864
2441636,933888
2441637,934912
2441638,935936
2441639,936960
2441640,937984
2441641,939008
2441642,940032
2441643,941056
2441644,942080
2441645,943104
2441646,944128
2441647,945152
2441648,946176
2441649,947200
2441650,948224
2441651,949248
2441652,950272
2441653,951296
2441654,952320
2441655,953344
2441656,954368
2441657,955392
2441658,956416
2441659,957440
2441660,958464
2441661,959488
2441662,960512
2441663,961536
2441664,962560
2441665,963584
2441666,964608
2441667,965632
2441668,966656
2441669,967680
2441670,968704
2441671,969728
2441672,970752
2441673,971776
2441674,972800
2441675,973824
2441676,974848
2441677,975872
2441678,976896
2441679,977920
2441680,978944
2441681,979968
2441682,980992
2441683,982016
2441684,983040
2441685,984064
2441686,985088
2441687,986112
2441688,987136
2441689,988160
2441690,989184
2441691,990208
2441692,991232
2441693,992256
2441694,993280
2441695,994304
2441696,995328
2441697,996352
2441698,997376
2441699,998400
2441700,999424
2441701,1000448
2441702,1001472
2441703,1002496
2441704,1003520
2441705,1004544
2441706,1005568
2441707,1006592
2441708,1007616
2441709,1008640
2441710,1009664
2441711,1010688
2441712,1011712
2441713,1012736
2441714,1013760
2441715,1014784
2441716,0
2441717,1024
2441718,2048
2441719,3072
2441720,4096
2441721,5120
2441722,6144
2441723,7168
2441724,8192
2441725,9216
2441726,10240
2441727,11264
2441728,12288
2441729,13312
2441730,14336
2441731,15360
2441732,16384
2441733,17408
2441734,18432
2441735,19456
2441736,20480
2441737,21504
2441738,22528
2441739,23552
2441740,24576
2441741,25600
2441742,26624
2441743,27648
2441744,28672
2441745,29696
2441746,30720
2441747,31744
2441748,32768
2441749,33792
2441750,34816
2441751,35840
2441752,36864
2441753,37888
2441754,38912
2441755,39936
2441756,40960
2441757,41984
2441758,43008
2441759,44032
2441760,45056
2441761,46080
2441762,47104
2441763,48128
2441764,49152
2441765,50176
2441766,51200
2441767,52224
2441768,53248
2441769,54272
2441770,55296
2441771,56320
2441772,57344
2441773,58368
2441774,59392
2441775,60416
2441776,61440
2441777,62464
2441778,63488
2441779,64512
2441780,65536
2441781,66560
2441782,67584
2441783,68608
2441784,69632
2441785,70656
2441786,71680
2441787,72704
2441788,73728
2441789,74752
2441790,75776
2441791,76800
2441792,77824
2441793,78848
2441794,79872
2441795,80896
2441796,81920
2441797,82944
2441798,83968
2441799,84992
2441800,86016
2441801,87040
2441802,88064
2441803,89088
2441804,90112
2441805,91136
2441806,92160
2441807,93184
2441808,94208
2441809,95232
2441810,96256
2441811,97280
2441812,98304
2441813,99328
2441814,100352
2441815,101376
2441816,102400
2441817,103424
2441818,104448
2441819,105472
2441820,106496
2441821,107520
2441822,108544
2441823,109568
2441824,110592
2441825,111616
2441826,112640
2441827,113664
2441828,114688
2441829,115712
2441830,116736
2441831,117760
2441832,118784
2441833,119808
2441834,120832
2441835,121856
2441836,122880
2441837,123904
2441838,124928
2441839,125952
2441840,126976
2441841,128000
2441842,129024
2441843,130048
2441844,131072
2441845,132096
2441846,133120
2441847,134144
2441848,135168
2441849,136192
2441850,137216
2441851,138240
2441852,139264
2441853,140288
2441854,141312
2441855,142336
2441856,143360
2441857,144384
2441858,145408
2441859,146432
2441860,147456
2441861,148480
2441862,149504
2441863,150528
2441864,151552
2441865,152576
2441866,153600
2441867,154624
2441868,155648
2441869,156672
2441870,157696
2441871,158720
2441872,159744
2441873,160768
2441874,161792
2441875,162816
2441876,163840
2441877,164864
2441878,165888
2441879,166912
2441880,167936
2441881,168960
2441882,169984
2441883,171008
2441884,172032
2441885,173056
2441886,174080
2441887,175104
2441888,176128
2441889,177152
2441890,178176
2441891,179200
2441892,180224
2441893,181248
2441894,182272
2441895,183296
2441896,184320
2441897,185344
2441898,186368
2441899,187392
2441900,188416
2441901,189440
2441902,190464
2441903,191488
2441904,192512
2441905,193536
2441906,194560
2441907,195584
2441908,196608
2441909,197632
2441910,198656
2441911,199680
2441912,200704
2441913,201728
2441914,202752
2441915,203776
2441916,204800
2441917,205824
2441918,206848
2441919,207872
2441920,208896
2441921,209920
2441922,210944
2441923,211968
2441924,212992
2441925,214016
2441926,215040
2441927,216064
2441928,217088
2441929,218112
2441930,219136
2441931,220160
2441932,221184
2441933,222208
2441934,223232
2441935,224256
2441936,225280
2441937,226304
2441938,227328
2441939,228352
2441940,229376
2441941,230400
2441942,231424
2441943,232448
2441944,233472
2441945,234496
2441946,235520
2441947,236544
2441948,237568
2441949,238592
2441950,239616
2441951,240640
2441952,241664
2441953,242688
2441954,243712
2441955,244736
2441956,245760
2441957,246784
2441958,247808
2441959,248832
2441960,249856
2441961,250880
2441962,251904
2441963,252928
2441964,253952
2441965,254976
2441966,256000
2441967,257024
2441968,258048
2441969,259072
2441970,260096
2441971,261120
2441972,262144
2441973,263168
2441974,264192
2441975,265216
2441976,266240
2441977,267264
2441978,268288
2441979,269312
2441980,270336
2441981,271360
2441982,272384
2441983,273408
2441984,274432
2441985,275456
2441986,276480
2441987,277504
2441988,278528
2441989,279552
2441990,280576
2441991,281600
2441992,282624
2441993,283648
2441994,284672
2441995,285696
2441996,286720
2441997,287744
2441998,288768
2441999,289792
2442000,290816
2442001,291840
2442002,292864
2442003,293888
2442004,294912
2442005,295936
2442006,296960
2442007,297984
2442008,299008
2442009,300032
2442010,301056
2442011,302080
2442012,303104
2442013,304128
2442014,305152
2442015,306176
2442016,307200
2442017,308224
2442018,309248
2442019,310272
2442020,311296
2442021,312320
2442022,313344
2442023,314368
2442024,315392
2442025,316416
2442026,317440
2442027,318464
2442028,319488
2442029,320512
2442030,321536
2442031,322560
2442032,323584
2442033,324608
2442034,325632
2442035,326656
2442036,327680
2442037,328704
2442038,329728
2442039,330752
2442040,331776
2442041,332800
2442042,333824
2442043,334848
2442044,335872
2442045,336896
2442046,337920
2442047,338944
2442048,339968
2442049,340992
2442050,342016
2442051,343040
2442052,344064
2442053,345088
2442054,346112
2442055,347136
2442056,348160
2442057,349184
2442058,350208
2442059,351232
2442060,352256
2442061,353280
2442062,354304
2442063,355328
2442064,356352
2442065,357376
2442066,358400
2442067,359424
2442068,360448
2442069,361472
2442070,362496
2442071,363520
2442072,364544
2442073,365568
2442074,366592
2442075,367616
2442076,368640
2442077,369664
2442078,370688
2442079,371712
2442080,372736
2442081,373760
2442082,374784
2442083,375808
2442084,376832
2442085,377856
2442086,378880
2442087,379904
2442088,380928
2442089,381952
2442090,382976
2442091,384000
2442092,385024
2442093,386048
2442094,387072
2442095,388096
2442096,389120
2442097,390144
2442098,391168
2442099,392192
2442100,393216
2442101,394240
2442102,395264
2442103,396288
2442104,397312
2442105,398336
2442106,399360
2442107,400384
2442108,401408
2442109,402432
2442110,403456
2442111,404480
2442112,405504
2442113,406528
2442114,407552
2442115,408576
2442116,409600
2442117,410624
2442118,411648
2442119,412672
2442120,413696
2442121,414720
2442122,415744
2442123,416768
2442124,417792
2442125,418816
2442126,419840
2442127,420864
2442128,421888
2442129,422912
2442130,423936
2442131,424960
2442132,425984
2442133,427008
2442134,428032
2442135,429056
2442136,430080
2442137,431104
2442138,432128
2442139,433152
2442140,434176
2442141,435200
2442142,436224
2442143,437248
2442144,438272
2442145,439296
2442146,440320
2442147,441344
2442148,442368
2442149,443392
2442150,444416
2442151,445440
2442152,446464
2442153,447488
2442154,448512
2442155,449536
2442156,450560
2442157,451584
2442158,452608
2442159,453632
2442160,454656
2442161,455680
2442162,456704
2442163,457728
2442164,458752
2442165,459776
2442166,460800
2442167,461824
2442168,462848
2442169,463872
2442170,464896
2442171,465920
2442172,466944
2442173,467968
2442174,468992
2442175,470016
2442176,471040
2442177,472064
2442178,473088
2442179,474112
2442180,475136
2442181,476160
2442182,477184
2442183,478208
2442184,479232
2442185,480256
2442186,481280
2442187,482304
2442188,483328
2442189,484352
2442190,485376
2442191,486400
2442192,487424
2442193,488448
2442194,489472
2442195,490496
2442196,491520
2442197,492544
2442198,493568
2442199,494592
2442200,495616
2442201,496640
2442202,497664
2442203,498688
2442204,499712
2442205,500736
2442206,501760
2442207,502784
2442208,503808
2442209,504832
2442210,505856
2442211,506880
2442212,507904
2442213,508928
2442214,509952
2442215,510976
2442216,512000
2442217,513024
2442218,514048
2442219,515072
2442220,516096
2442221,517120
2442222,518144
2442223,519168
2442224,520192
2442225,521216
2442226,522240
2442227,523264
2442228,524288
2442229,525312
2442230,526336
2442231,527360
2442232,528384
2442233,529408
2442234,530432
2442235,531456
2442236,532480
2442237,533504
2442238,534528
2442239,535552
2442240,536576
2442241,537600
2442242,538624
2442243,539648
2442244,540672
2442245,541696
2442246,542720
2442247,543744
2442248,544768
2442249,545792
2442250,546816
2442251,547840
2442252,548864
2442253,549888
2442254,550912
2442255,551936
2442256,552960
2442257,553984
2442258,555008
2442259,556032
2442260,557056
2442261,558080
2442262,559104
2442263,560128
2442264,561152
2442265,562176
2442266,563200
2442267,564224
2442268,565248
2442269,566272
2442270,567296
2442271,568320
2442272,569344
2442273,570368
2442274,571392
2442275,572416
2442276,573440
2442277,574464
2442278,575488
2442279,576512
2442280,577536
2442281,578560
2442282,579584
2442283,580608
2442284,581632
2442285,582656
2442286,583680
2442287,584704
2442288,585728
2442289,586752
2442290,587776
2442291,588800
2442292,589824
2442293,590848
2442294,591872
2442295,592896
2442296,593920
2442297,594944
2442298,595968
2442299,596992
2442300,598016
2442301,599040
2442302,600064
2442303,601088
2442304,602112
2442305,603136
2442306,604160
2442307,605184
2442308,606208
2442309,607232
2442310,608256
2442311,609280
2442312,610304
2442313,611328
2442314,612352
2442315,613376
2442316,614400
2442317,615424
2442318,616448
2442319,617472
2442320,618496
2442321,619520
2442322,620544
2442323,621568
2442324,622592
2442325,623616
2442326,624640
2442327,625664
2442328,626688
2442329,627712
2442330,628736
2442331,629760
2442332,630784
2442333,631808
2442334,632832
2442335,633856
2442336,634880
2442337,635904
2442338,636928
2442339,637952
2442340,638976
2442341,640000
2442342,641024
2442343,642048
2442344,643072
2442345,644096
2442346,645120
2442347,646144
2442348,647168
2442349,648192
2442350,649216
2442351,650240
2442352,651264
2442353,652288
2442354,653312
2442355,654336
2442356,655360
2442357,656384
2442358,657408
2442359,658432
2442360,659456
2442361,660480
2442362,661504
2442363,662528
2442364,663552
2442365,664576
2442366,665600
2442367,666624
2442368,667648
2442369,668672
2442370,669696
2442371,670720
2442372,671744
2442373,672768
2442374,673792
2442375,674816
2442376,675840
2442377,676864
2442378,677888
2442379,678912
2442380,679936
2442381,680960
2442382,681984
2442383,683008
2442384,684032
2442385,685056
2442386,686080
2442387,687104
2442388,688128
2442389,689152
2442390,690176
2442391,691200
2442392,692224
2442393,693248
2442394,694272
2442395,695296
2442396,696320
2442397,697344
2442398,698368
2442399,699392
2442400,700416
2442401,701440
2442402,702464
2442403,703488
2442404,704512
2442405,705536
2442406,706560
2442407,707584
2442408,708608
2442409,709632
2442410,710656
2442411,711680
2442412,712704
2442413,713728
2442414,714752
2442415,715776
2442416,716800
2442417,717824
2442418,718848
2442419,719872
2442420,720896
2442421,721920
2442422,722944
2442423,723968
2442424,724992
2442425,726016
2442426,727040
2442427,728064
2442428,729088
2442429,730112
2442430,731136
2442431,732160
2442432,733184
2442433,734208
2442434,735232
2442435,736256
2442436,737280
2442437,738304
2442438,739328
2442439,740352
2442440,741376
2442441,742400
2442442,743424
2442443,744448
2442444,745472
2442445,746496
2442446,747520
2442447,748544
2442448,749568
2442449,750592
2442450,751616
2442451,752640
2442452,753664
2442453,754688
2442454,755712
2442455,756736
2442456,757760
2442457,758784
2442458,759808
2442459,760832
2442460,761856
2442461,762880
2442462,763904
2442463,764928
2442464,765952
2442465,766976
2442466,768000
2442467,769024
2442468,770048
2442469,771072
2442470,772096
2442471,773120
2442472,774144
2442473,775168
2442474,776192
2442475,777216
2442476,778240
2442477,779264
2442478,780288
2442479,781312
2442480,782336
2442481,783360
2442482,784384
2442483,785408
2442484,786432
2442485,787456
2442486,788480
2442487,789504
2442488,790528
2442489,791552
2442490,792576
2442491,793600
2442492,794624
2442493,795648
2442494,796672
2442495,797696
2442496,798720
2442497,799744
2442498,800768
2442499,801792
2442500,802816
2442501,803840
2442502,804864
2442503,805888
2442504,806912
2442505,807936
2442506,808960
2442507,809984
2442508,811008
2442509,812032
2442510,813056
2442511,814080
2442512,815104
2442513,816128
2442514,817152
2442515,818176
2442516,819200
2442517,820224
2442518,821248
2442519,822272
2442520,823296
2442521,824320
2442522,825344
2442523,826368
2442524,827392
2442525,828416
2442526,829440
2442527,830464
2442528,831488
2442529,832512
2442530,833536
2442531,834560
2442532,835584
2442533,836608
2442534,837632
2442535,838656
2442536,839680
2442537,840704
2442538,841728
2442539,842752
2442540,843776
2442541,844800
2442542,845824
2442543,846848
2442544,847872
2442545,848896
2442546,849920
2442547,850944
2442548,851968
2442549,852992
2442550,854016
2442551,855040
2442552,856064
2442553,857088
2442554,858112
2442555,859136
2442556,860160
2442557,861184
2442558,862208
2442559,863232
2442560,864256
2442561,865280
2442562,866304
2442563,867328
2442564,868352
2442565,869376
2442566,870400
2442567,871424
2442568,872448
2442569,873472
2442570,874496
2442571,875520
2442572,876544
2442573,877568
2442574,878592
2442575,879616
2442576,880640
2442577,881664
2442578,882688
2442579,883712
2442580,884736
2442581,885760
2442582,886784
2442583,887808
2442584,888832
2442585,889856
2442586,890880
2442587,891904
2442588,892928
2442589,893952
2442590,894976
2442591,896000
2442592,897024
2442593,898048
2442594,899072
2442595,900096
2442596,901120
2442597,902144
2442598,903168
2442599,904192
2442600,905216
2442601,906240
2442602,907264
2442603,908288
2442604,909312
2442605,910336
2442606,911360
2442607,912384
2442608,913408
2442609,914432
2442610,915456
2442611,916480
2442612,917504
2442613,918528
2442614,919552
2442615,920576
2442616,921600
2442617,922624
2442618,923648
2442619,924672
2442620,925696
2442621,926720
2442622,927744
2442623,928768
2442624,929792
2442625,930816
2442626,931840
2442627,932864
2442628,933888
2442629,934912
2442630,935936
2442631,936960
2442632,937984
2442633,939008
2442634,940032
2442635,941056
2442636,942080
2442637,943104
2442638,944128
2442639,945152
2442640,946176
2442641,947200
2442642,948224
2442643,949248
2442644,950272
2442645,951296
2442646,952320
2442647,953344
2442648,954368
2442649,955392
2442650,956416
2442651,957440
2442652,958464
2442653,959488
2442654,960512
2442655,961536
2442656,962560
2442657,963584
2442658,964608
2442659,965632
2442660,966656
2442661,967680
2442662,968704
2442663,969728
2442664,970752
2442665,971776
2442666,972800
2442667,973824
2442668,974848
2442669,975872
2442670,976896
2442671,977920
2442672,978944
2442673,979968
2442674,980992
2442675,982016
2442676,983040
2442677,984064
2442678,985088
2442679,986112
2442680,987136
2442681,988160
2442682,989184
2442683,990208
2442684,991232
2442685,992256
2442686,993280
2442687,994304
2442688,995328
2442689,996352
2442690,997376
2442691,998400
2442692,999424
2442693,1000448
2442694,1001472
2442695,1002496
2442696,1003520
2442697,1004544
2442698,1005568
2442699,1006592
2442700,1007616
2442701,1008640
2442702,1009664
2442703,1010688
2442704,1011712
2442705,1012736
2442706,1013760
2442707,1014784
2442708,0
2442709,1024
2442710,2048
2442711,3072
2442712,4096
2442713,5120
2442714,6144
2442715,7168
2442716,8192
2442717,9216
2442718,10240
2442719,11264
2442720,12288
2442721,13312
2442722,14336
2442723,15360
2442724,16384
2442725,17408
2442726,18432
2442727,19456
2442728,20480
2442729,21504
2442730,22528
2442731,23552
2442732,24576
2442733,25600
2442734,26624
2442735,27648
2442736,28672
2442737,29696
2442738,30720
2442739,31744
2442740,32768
2442741,33792
2442742,34816
2442743,35840
2442744,36864
2442745,37888
2442746,38912
2442747,39936
2442748,40960
2442749,41984
2442750,43008
2442751,44032
2442752,45056
2442753,46080
2442754,47104
2442755,48128
2442756,49152
2442757,50176
2442758,51200
2442759,52224
2442760,53248
2442761,54272
2442762,55296
2442763,56320
2442764,57344
2442765,58368
2442766,59392
2442767,60416
2442768,61440
2442769,62464
2442770,63488
2442771,64512
2442772,65536
2442773,66560
2442774,67584
2442775,68608
2442776,69632
2442777,70656
2442778,71680
2442779,72704
2442780,73728
2442781,74752
2442782,75776
2442783,76800
2442784,77824
2442785,78848
2442786,79872
2442787,80896
2442788,81920
2442789,82944
2442790,83968
2442791,84992
2442792,86016
2442793,87040
2442794,88064
2442795,89088
2442796,90112
2442797,91136
2442798,92160
2442799,93184
2442800,94208
2442801,95232
2442802,96256
2442803,97280
2442804,98304
2442805,99328
2442806,100352
2442807,101376
2442808,102400
2442809,103424
2442810,104448
2442811,105472
2442812,106496
2442813,107520
2442814,108544
2442815,109568
2442816,110592
2442817,111616
2442818,112640
2442819,113664
2442820,114688
2442821,115712
2442822,116736
2442823,117760
2442824,118784
2442825,119808
2442826,120832
2442827,121856
2442828,122880
2442829,123904
2442830,124928
2442831,125952
2442832,126976
2442833,128000
2442834,129024
2442835,130048
2442836,131072
2442837,132096
2442838,133120
2442839,134144
2442840,135168
2442841,136192
2442842,137216
2442843,138240
2442844,139264
2442845,140288
2442846,141312
2442847,142336
2442848,143360
2442849,144384
2442850,145408
2442851,146432
2442852,147456
2442853,148480
2442854,149504
2442855,150528
2442856,151552
2442857,152576
2442858,153600
2442859,154624
2442860,155648
2442861,156672
2442862,157696
2442863,158720
2442864,159744
2442865,160768
2442866,161792
2442867,162816
2442868,163840
2442869,164864
2442870,165888
2442871,166912
2442872,167936
2442873,168960
2442874,169984
2442875,171008
2442876,172032
2442877,173056
2442878,174080
2442879,175104
2442880,176128
2442881,177152
2442882,178176
2442883,179200
2442884,180224
2442885,181248
2442886,182272
2442887,183296
2442888,184320
2442889,185344
2442890,186368
2442891,187392
2442892,188416
2442893,189440
2442894,190464
2442895,191488
2442896,192512
2442897,193536
2442898,194560
2442899,195584
2442900,196608
2442901,197632
2442902,198656
2442903,199680
2442904,200704
2442905,201728
2442906,202752
2442907,203776
2442908,204800
2442909,205824
2442910,206848
2442911,207872
2442912,208896
2442913,209920
2442914,210944
2442915,211968
2442916,212992
2442917,214016
2442918,215040
2442919,216064
2442920,217088
2442921,218112
2442922,219136
2442923,220160
2442924,221184
2442925,222208
2442926,223232
2442927,224256
2442928,225280
2442929,226304
2442930,227328
2442931,228352
2442932,229376
2442933,230400
2442934,231424
2442935,232448
2442936,233472
2442937,234496
2442938,235520
2442939,236544
2442940,237568
2442941,238592
2442942,239616
2442943,240640
2442944,241664
2442945,242688
2442946,243712
2442947,244736
2442948,245760
2442949,246784
2442950,247808
2442951,248832
2442952,249856
2442953,250880
2442954,251904
2442955,252928
2442956,253952
2442957,254976
2442958,256000
2442959,257024
2442960,258048
2442961,259072
2442962,260096
2442963,261120
2442964,262144
2442965,263168
2442966,264192
2442967,265216
2442968,266240
2442969,267264
2442970,268288
2442971,269312
2442972,270336
2442973,271360
2442974,272384
2442975,273408
2442976,274432
2442977,275456
2442978,276480
2442979,277504
2442980,278528
2442981,279552
2442982,280576
2442983,281600
2442984,282624
2442985,283648
2442986,284672
2442987,285696
2442988,286720
2442989,287744
2442990,288768
2442991,289792
2442992,290816
2442993,291840
2442994,292864
2442995,293888
2442996,294912
2442997,295936
2442998,296960
2442999,297984
2443000,299008
2443001,300032
2443002,301056
2443003,302080
2443004,303104
2443005,304128
2443006,305152
2443007,306176
2443008,307200
2443009,308224
2443010,309248
2443011,310272
2443012,311296
2443013,312320
2443014,313344
2443015,314368
2443016,315392
2443017,316416
2443018,317440
2443019,318464
2443020,319488
2443021,320512
2443022,321536
2443023,322560
2443024,323584
2443025,324608
2443026,325632
2443027,326656
2443028,327680
2443029,328704
2443030,329728
2443031,330752
2443032,331776
2443033,332800
2443034,333824
2443035,334848
2443036,335872
2443037,336896
2443038,337920
2443039,338944
2443040,339968
2443041,340992
2443042,342016
2443043,343040
2443044,344064
2443045,345088
2443046,346112
2443047,347136
2443048,348160
2443049,349184
2443050,350208
2443051,351232
2443052,352256
2443053,353280
2443054,354304
2443055,355328
2443056,356352
2443057,357376
2443058,358400
2443059,359424
2443060,360448
2443061,361472
2443062,362496
2443063,363520
2443064,364544
2443065,365568
2443066,366592
2443067,367616
2443068,368640
2443069,369664
2443070,370688
2443071,371712
2443072,372736
2443073,373760
2443074,374784
2443075,375808
2443076,376832
2443077,377856
2443078,378880
2443079,379904
2443080,380928
2443081,381952
2443082,382976
2443083,384000
2443084,385024
2443085,386048
2443086,387072
2443087,388096
2443088,389120
2443089,390144
2443090,391168
2443091,392192
2443092,393216
2443093,394240
2443094,395264
2443095,396288
2443096,397312
2443097,398336
2443098,399360
2443099,400384
2443100,401408
2443101,402432
2443102,403456
2443103,404480
2443104,405504
2443105,406528
2443106,407552
2443107,408576
2443108,409600
2443109,410624
2443110,411648
2443111,412672
2443112,413696
2443113,414720
2443114,415744
2443115,416768
2443116,417792
2443117,418816
2443118,419840
2443119,420864
2443120,421888
2443121,422912
2443122,423936
2443123,424960
2443124,425984
2443125,427008
2443126,428032
2443127,429056
2443128,430080
2443129,431104
2443130,432128
2443131,433152
2443132,434176
2443133,435200
2443134,436224
2443135,437248
2443136,438272
2443137,439296
2443138,440320
2443139,441344
2443140,442368
2443141,443392
2443142,444416
2443143,445440
2443144,446464
2443145,447488
2443146,448512
2443147,449536
2443148,450560
2443149,451584
2443150,452608
2443151,453632
2443152,454656
2443153,455680
2443154,456704
2443155,457728
2443156,458752
2443157,459776
2443158,460800
2443159,461824
2443160,462848
2443161,463872
2443162,464896
2443163,465920
2443164,466944
2443165,467968
2443166,468992
2443167,470016
2443168,471040
2443169,472064
2443170,473088
2443171,474112
2443172,475136
2443173,476160
2443174,477184
2443175,478208
2443176,479232
2443177,480256
2443178,481280
2443179,482304
2443180,483328
2443181,484352
2443182,485376
2443183,486400
2443184,487424
2443185,488448
2443186,489472
2443187,490496
2443188,491520
2443189,492544
2443190,493568
2443191,494592
2443192,495616
2443193,496640
2443194,497664
2443195,498688
2443196,499712
2443197,500736
2443198,501760
2443199,502784
2443200,503808
2443201,504832
2443202,505856
2443203,506880
2443204,507904
2443205,508928
2443206,509952
2443207,510976
2443208,512000
2443209,513024
2443210,514048
2443211,515072
2443212,516096
2443213,517120
2443214,518144
2443215,519168
2443216,520192
2443217,521216
2443218,522240
2443219,523264
2443220,524288
2443221,525312
2443222,526336
2443223,527360
2443224,528384
2443225,529408
2443226,530432
2443227,531456
2443228,532480
2443229,533504
2443230,534528
2443231,535552
2443232,536576
2443233,537600
2443234,538624
2443235,539648
2443236,540672
2443237,541696
2443238,542720
2443239,543744
2443240,544768
2443241,545792
2443242,546816
2443243,547840
2443244,548864
2443245,549888
2443246,550912
2443247,551936
2443248,552960
2443249,553984
2443250,555008
2443251,556032
2443252,557056
2443253,558080
2443254,559104
2443255,560128
2443256,561152
2443257,562176
2443258,563200
2443259,564224
2443260,565248
2443261,566272
2443262,567296
2443263,568320
2443264,569344
2443265,570368
2443266,571392
2443267,572416
2443268,573440
2443269,574464
2443270,575488
2443271,576512
2443272,577536
2443273,578560
2443274,579584
2443275,580608
2443276,581632
2443277,582656
2443278,583680
2443279,584704
2443280,585728
2443281,586752
2443282,587776
2443283,588800
2443284,589824
2443285,590848
2443286,591872
2443287,592896
2443288,593920
2443289,594944
2443290,595968
2443291,596992
2443292,598016
2443293,599040
2443294,600064
2443295,601088
2443296,602112
2443297,603136
2443298,604160
2443299,605184
2443300,606208
2443301,607232
2443302,608256
2443303,609280
2443304,610304
2443305,611328
2443306,612352
2443307,613376
2443308,614400
2443309,615424
2443310,616448
2443311,617472
2443312,618496
2443313,619520
2443314,620544
2443315,621568
2443316,622592
2443317,623616
2443318,624640
2443319,625664
2443320,626688
2443321,627712
2443322,628736
2443323,629760
2443324,630784
2443325,631808
2443326,632832
2443327,633856
2443328,634880
2443329,635904
2443330,636928
2443331,637952
2443332,638976
2443333,640000
2443334,641024
2443335,642048
2443336,643072
2443337,644096
2443338,645120
2443339,646144
2443340,647168
2443341,648192
2443342,649216
2443343,650240
2443344,651264
2443345,652288
2443346,653312
2443347,654336
2443348,655360
2443349,656384
2443350,657408
2443351,658432
2443352,659456
2443353,660480
2443354,661504
2443355,662528
2443356,663552
2443357,664576
2443358,665600
2443359,666624
2443360,667648
2443361,668672
2443362,669696
2443363,670720
2443364,671744
2443365,672768
2443366,673792
2443367,674816
2443368,675840
2443369,676864
2443370,677888
2443371,678912
2443372,679936
2443373,680960
2443374,681984
2443375,683008
2443376,684032
2443377,685056
2443378,686080
2443379,687104
2443380,688128
2443381,689152
2443382,690176
2443383,691200
2443384,692224
2443385,693248
2443386,694272
2443387,695296
2443388,696320
2443389,697344
2443390,698368
2443391,699392
2443392,700416
2443393,701440
2443394,702464
2443395,703488
2443396,704512
2443397,705536
2443398,706560
2443399,707584
2443400,708608
2443401,709632
2443402,710656
2443403,711680
2443404,712704
2443405,713728
2443406,714752
2443407,715776
2443408,716800
2443409,717824
2443410,718848
2443411,719872
2443412,720896
2443413,721920
2443414,722944
2443415,723968
2443416,724992
2443417,726016
2443418,727040
2443419,728064
2443420,729088
2443421,730112
2443422,731136
2443423,732160
2443424,733184
2443425,734208
2443426,735232
2443427,736256
2443428,737280
2443429,738304
2443430,739328
2443431,740352
2443432,741376
2443433,742400
2443434,743424
2443435,744448
2443436,745472
2443437,746496
2443438,747520
2443439,748544
2443440,749568
2443441,750592
2443442,751616
2443443,752640
2443444,753664
2443445,754688
2443446,755712
2443447,756736
2443448,757760
2443449,758784
2443450,759808
2443451,760832
2443452,761856
2443453,762880
2443454,763904
2443455,764928
2443456,765952
2443457,766976
2443458,768000
2443459,769024
2443460,770048
2443461,771072
2443462,772096
2443463,773120
2443464,774144
2443465,775168
2443466,776192
2443467,777216
2443468,778240
2443469,779264
2443470,780288
2443471,781312
2443472,782336
2443473,783360
2443474,784384
2443475,785408
2443476,786432
2443477,787456
2443478,788480
2443479,789504
2443480,790528
2443481,791552
2443482,792576
2443483,793600
2443484,794624
2443485,795648
2443486,796672
2443487,797696
2443488,798720
2443489,799744
2443490,800768
2443491,801792
2443492,802816
2443493,803840
2443494,804864
2443495,805888
2443496,806912
2443497,807936
2443498,808960
2443499,809984
2443500,811008
2443501,812032
2443502,813056
2443503,814080
2443504,815104
2443505,816128
2443506,817152
2443507,818176
2443508,819200
2443509,820224
2443510,821248
2443511,822272
2443512,823296
2443513,824320
2443514,825344
2443515,826368
2443516,827392
2443517,828416
2443518,829440
2443519,830464
2443520,831488
2443521,832512
2443522,833536
2443523,834560
2443524,835584
2443525,836608
2443526,837632
2443527,838656
2443528,839680
2443529,840704
2443530,841728
2443531,842752
2443532,843776
2443533,844800
2443534,845824
2443535,846848
2443536,847872
2443537,848896
2443538,849920
2443539,850944
2443540,851968
2443541,852992
2443542,854016
2443543,855040
2443544,856064
2443545,857088
2443546,858112
2443547,859136
2443548,860160
2443549,861184
2443550,862208
2443551,863232
2443552,864256
2443553,865280
2443554,866304
2443555,867328
2443556,868352
2443557,869376
2443558,870400
2443559,871424
2443560,872448
2443561,873472
2443562,874496
2443563,875520
2443564,876544
2443565,877568
2443566,878592
2443567,879616
2443568,880640
2443569,881664
2443570,882688
2443571,883712
2443572,884736
2443573,885760
2443574,886784
2443575,887808
2443576,888832
2443577,889856
2443578,890880
2443579,891904
2443580,892928
2443581,893952
2443582,894976
2443583,896000
2443584,897024
2443585,898048
2443586,899072
2443587,900096
2443588,901120
2443589,902144
2443590,903168
2443591,904192
2443592,905216
2443593,906240
2443594,907264
2443595,908288
2443596,909312
2443597,910336
2443598,911360
2443599,912384
2443600,913408
2443601,914432
2443602,915456
2443603,916480
2443604,917504
2443605,918528
2443606,919552
2443607,920576
2443608,921600
2443609,922624
2443610,923648
2443611,924672
2443612,925696
2443613,926720
2443614,927744
2443615,928768
2443616,929792
2443617,930816
2443618,931840
2443619,932864
2443620,933888
2443621,934912
2443622,935936
2443623,936960
2443624,937984
2443625,939008
2443626,940032
2443627,941056
2443628,942080
2443629,943104
2443630,944128
2443631,945152
2443632,946176
2443633,947200
2443634,948224
2443635,949248
2443636,950272
2443637,951296
2443638,952320
2443639,953344
2443640,954368
2443641,955392
2443642,956416
2443643,957440
2443644,958464
2443645,959488
2443646,960512
2443647,961536
2443648,962560
2443649,963584
2443650,964608
2443651,965632
2443652,966656
2443653,967680
2443654,968704
2443655,969728
2443656,970752
2443657,971776
2443658,972800
2443659,973824
2443660,974848
2443661,975872
2443662,976896
2443663,977920
2443664,978944
2443665,979968
2443666,980992
2443667,982016
2443668,983040
2443669,984064
2443670,985088
2443671,986112
2443672,987136
2443673,988160
2443674,989184
2443675,990208
2443676,991232
2443677,992256
2443678,993280
2443679,994304
2443680,995328
2443681,996352
2443682,997376
2443683,998400
2443684,999424
2443685,1000448
2443686,1001472
2443687,1002496
2443688,1003520
2443689,1004544
2443690,1005568
2443691,1006592
2443692,1007616
2443693,1008640
2443694,1009664
2443695,1010688
2443696,1011712
2443697,1012736
2443698,1013760
2443699,1014784
2443700,0
2443701,1024
2443702,2048
2443703,3072
2443704,4096
2443705,5120
2443706,6144
2443707,7168
2443708,8192
2443709,9216
2443710,10240
2443711,11264
2443712,12288
2443713,13312
2443714,14336
2443715,15360
2443716,16384
2443717,17408
2443718,18432
2443719,19456
2443720,20480
2443721,21504
2443722,22528
2443723,23552
2443724,24576
2443725,25600
2443726,26624
2443727,27648
2443728,28672
2443729,29696
2443730,30720
2443731,31744
2443732,32768
2443733,33792
2443734,34816
2443735,35840
2443736,36864
2443737,37888
2443738,38912
2443739,39936
2443740,40960
2443741,41984
2443742,43008
2443743,44032
2443744,45056
2443745,46080
2443746,47104
2443747,48128
2443748,49152
2443749,50176
2443750,51200
2443751,52224
2443752,53248
2443753,54272
2443754,55296
2443755,56320
2443756,57344
2443757,58368
2443758,59392
2443759,60416
2443760,61440
2443761,62464
2443762,63488
2443763,64512
2443764,65536
2443765,66560
2443766,67584
2443767,68608
2443768,69632
2443769,70656
2443770,71680
2443771,72704
2443772,73728
2443773,74752
2443774,75776
2443775,76800
2443776,77824
2443777,78848
2443778,79872
2443779,80896
2443780,81920
2443781,82944
2443782,83968
2443783,84992
2443784,86016
2443785,87040
2443786,88064
2443787,89088
2443788,90112
2443789,91136
2443790,92160
2443791,93184
2443792,94208
2443793,95232
2443794,96256
2443795,97280
2443796,98304
2443797,99328
2443798,100352
2443799,101376
2443800,102400
2443801,103424
2443802,104448
2443803,105472
2443804,106496
2443805,107520
2443806,108544
2443807,109568
2443808,110592
2443809,111616
2443810,112640
2443811,113664
2443812,114688
2443813,115712
2443814,116736
2443815,117760
2443816,118784
2443817,119808
2443818,120832
2443819,121856
2443820,122880
2443821,123904
2443822,124928
2443823,125952
2443824,126976
2443825,128000
2443826,129024
2443827,130048
2443828,131072
2443829,132096
2443830,133120
2443831,134144
2443832,135168
2443833,136192
2443834,137216
2443835,138240
2443836,139264
2443837,140288
2443838,141312
2443839,142336
2443840,143360
2443841,144384
2443842,145408
2443843,146432
2443844,147456
2443845,148480
2443846,149504
2443847,150528
2443848,151552
2443849,152576
2443850,153600
2443851,154624
2443852,155648
2443853,156672
2443854,157696
2443855,158720
2443856,159744
2443857,160768
2443858,161792
2443859,162816
2443860,163840
2443861,164864
2443862,165888
2443863,166912
2443864,167936
2443865,168960
2443866,169984
2443867,171008
2443868,172032
2443869,173056
2443870,174080
2443871,175104
2443872,176128
2443873,177152
2443874,178176
2443875,179200
2443876,180224
2443877,181248
2443878,182272
2443879,183296
2443880,184320
2443881,185344
2443882,186368
2443883,187392
2443884,188416
2443885,189440
2443886,190464
2443887,191488
2443888,192512
2443889,193536
2443890,194560
2443891,195584
2443892,196608
2443893,197632
2443894,198656
2443895,199680
2443896,200704
2443897,201728
2443898,202752
2443899,203776
2443900,204800
2443901,205824
2443902,206848
2443903,207872
2443904,208896
2443905,209920
2443906,210944
2443907,211968
2443908,212992
2443909,214016
2443910,215040
2443911,216064
2443912,217088
2443913,218112
2443914,219136
2443915,220160
2443916,221184
2443917,222208
2443918,223232
2443919,224256
2443920,225280
2443921,226304
2443922,227328
2443923,228352
2443924,229376
2443925,230400
2443926,231424
2443927,232448
2443928,233472
2443929,234496
2443930,235520
2443931,236544
2443932,237568
2443933,238592
2443934,239616
2443935,240640
2443936,241664
2443937,242688
2443938,243712
2443939,244736
2443940,245760
2443941,246784
2443942,247808
2443943,248832
2443944,249856
2443945,250880
2443946,251904
2443947,252928
2443948,253952
2443949,254976
2443950,256000
2443951,257024
2443952,258048
2443953,259072
2443954,260096
2443955,261120
2443956,262144
2443957,263168
2443958,264192
2443959,265216
2443960,266240
2443961,267264
2443962,268288
2443963,269312
2443964,270336
2443965,271360
2443966,272384
2443967,273408
2443968,274432
2443969,275456
2443970,276480
2443971,277504
2443972,278528
2443973,279552
2443974,280576
2443975,281600
2443976,282624
2443977,283648
2443978,284672
2443979,285696
2443980,286720
2443981,287744
2443982,288768
2443983,289792
2443984,290816
2443985,291840
2443986,292864
2443987,293888
2443988,294912
2443989,295936
2443990,296960
2443991,297984
2443992,299008
2443993,300032
2443994,301056
2443995,302080
2443996,303104
2443997,304128
2443998,305152
2443999,306176
2444000,307200
2444001,308224
2444002,309248
2444003,310272
2444004,311296
2444005,312320
2444006,313344
2444007,314368
2444008,315392
2444009,316416
2444010,317440
2444011,318464
2444012,319488
2444013,320512
2444014,321536
2444015,322560
2444016,323584
2444017,324608
2444018,325632
2444019,326656
2444020,327680
2444021,328704
2444022,329728
2444023,330752
2444024,331776
2444025,332800
2444026,333824
2444027,334848
2444028,335872
2444029,336896
2444030,337920
2444031,338944
2444032,339968
2444033,340992
2444034,342016
2444035,343040
2444036,344064
2444037,345088
2444038,346112
2444039,347136
2444040,348160
2444041,349184
2444042,350208
2444043,351232
2444044,352256
2444045,353280
2444046,354304
2444047,355328
2444048,356352
2444049,357376
2444050,358400
2444051,359424
2444052,360448
2444053,361472
2444054,362496
2444055,363520
2444056,364544
2444057,365568
2444058,366592
2444059,367616
2444060,368640
2444061,369664
2444062,370688
2444063,371712
2444064,372736
2444065,373760
2444066,374784
2444067,375808
2444068,376832
2444069,377856
2444070,378880
2444071,379904
2444072,380928
2444073,381952
2444074,382976
2444075,384000
2444076,385024
2444077,386048
2444078,387072
2444079,388096
2444080,389120
2444081,390144
2444082,391168
2444083,392192
2444084,393216
2444085,394240
2444086,395264
2444087,396288
2444088,397312
2444089,398336
2444090,399360
2444091,400384
2444092,401408
2444093,402432
2444094,403456
2444095,404480
2444096,405504
2444097,406528
2444098,407552
2444099,408576
2444100,409600
2444101,410624
2444102,411648
2444103,412672
2444104,413696
2444105,414720
2444106,415744
2444107,416768
2444108,417792
2444109,418816
2444110,419840
2444111,420864
2444112,421888
2444113,422912
2444114,423936
2444115,424960
2444116,425984
2444117,427008
2444118,428032
2444119,429056
2444120,430080
2444121,431104
2444122,432128
2444123,433152
2444124,434176
2444125,435200
2444126,436224
2444127,437248
2444128,438272
2444129,439296
2444130,440320
2444131,441344
2444132,442368
2444133,443392
2444134,444416
2444135,445440
2444136,446464
2444137,447488
2444138,448512
2444139,449536
2444140,450560
2444141,451584
2444142,452608
2444143,453632
2444144,454656
2444145,455680
2444146,456704
2444147,457728
2444148,458752
2444149,459776
2444150,460800
2444151,461824
2444152,462848
2444153,463872
2444154,464896
2444155,465920
2444156,466944
2444157,467968
2444158,468992
2444159,470016
2444160,471040
2444161,472064
2444162,473088
2444163,474112
2444164,475136
2444165,476160
2444166,477184
2444167,478208
2444168,479232
2444169,480256
2444170,481280
2444171,482304
2444172,483328
2444173,484352
2444174,485376
2444175,486400
2444176,487424
2444177,488448
2444178,489472
2444179,490496
2444180,491520
2444181,492544
2444182,493568
2444183,494592
2444184,495616
2444185,496640
2444186,497664
2444187,498688
2444188,499712
2444189,500736
2444190,501760
2444191,502784
2444192,503808
2444193,504832
2444194,505856
2444195,506880
2444196,507904
2444197,508928
2444198,509952
2444199,510976
2444200,512000
2444201,513024
2444202,514048
2444203,515072
2444204,516096
2444205,517120
2444206,518144
2444207,519168
2444208,520192
2444209,521216
2444210,522240
2444211,523264
2444212,524288
2444213,525312
2444214,526336
2444215,527360
2444216,528384
2444217,529408
2444218,530432
2444219,531456
2444220,532480
2444221,533504
2444222,534528
2444223,535552
2444224,536576
2444225,537600
2444226,538624
2444227,539648
2444228,540672
2444229,541696
2444230,542720
2444231,543744
2444232,544768
2444233,545792
2444234,546816
2444235,547840
2444236,548864
2444237,549888
2444238,550912
2444239,551936
2444240,552960
2444241,553984
2444242,555008
2444243,556032
2444244,557056
2444245,558080
2444246,559104
2444247,560128
2444248,561152
2444249,562176
2444250,563200
2444251,564224
2444252,565248
2444253,566272
2444254,567296
2444255,568320
2444256,569344
2444257,570368
2444258,571392
2444259,572416
2444260,573440
2444261,574464
2444262,575488
2444263,576512
2444264,577536
2444265,578560
2444266,579584
2444267,580608
2444268,581632
2444269,582656
2444270,583680
2444271,584704
2444272,585728
2444273,586752
2444274,587776
2444275,588800
2444276,589824
2444277,590848
2444278,591872
2444279,592896
2444280,593920
2444281,594944
2444282,595968
2444283,596992
2444284,598016
2444285,599040
2444286,600064
2444287,601088
2444288,602112
2444289,603136
2444290,604160
2444291,605184
2444292,606208
2444293,607232
2444294,608256
2444295,609280
2444296,610304
2444297,611328
2444298,612352
2444299,613376
2444300,614400
2444301,615424
2444302,616448
2444303,617472
2444304,618496
2444305,619520
2444306,620544
2444307,621568
2444308,622592
2444309,623616
2444310,624640
2444311,625664
2444312,626688
2444313,627712
2444314,628736
2444315,629760
2444316,630784
2444317,631808
2444318,632832
2444319,633856
2444320,634880
2444321,635904
2444322,636928
2444323,637952
2444324,638976
2444325,640000
2444326,641024
2444327,642048
2444328,643072
2444329,644096
2444330,645120
2444331,646144
2444332,647168
2444333,648192
2444334,649216
2444335,650240
2444336,651264
2444337,652288
2444338,653312
2444339,654336
2444340,655360
2444341,656384
2444342,657408
2444343,658432
2444344,659456
2444345,660480
2444346,661504
2444347,662528
2444348,663552
2444349,664576
2444350,665600
2444351,666624
2444352,667648
2444353,668672
2444354,669696
2444355,670720
2444356,671744
2444357,672768
2444358,673792
2444359,674816
2444360,675840
2444361,676864
2444362,677888
2444363,678912
2444364,679936
2444365,680960
2444366,681984
2444367,683008
2444368,684032
2444369,685056
2444370,686080
2444371,687104
2444372,688128
2444373,689152
2444374,690176
2444375,691200
2444376,692224
2444377,693248
2444378,694272
2444379,695296
2444380,696320
2444381,697344
2444382,698368
2444383,699392
2444384,700416
2444385,701440
2444386,702464
2444387,703488
2444388,704512
2444389,705536
2444390,706560
2444391,707584
2444392,708608
2444393,709632
2444394,710656
2444395,711680
2444396,712704
2444397,713728
2444398,714752
2444399,715776
2444400,716800
2444401,717824
2444402,718848
2444403,719872
2444404,720896
2444405,721920
2444406,722944
2444407,723968
2444408,724992
2444409,726016
2444410,727040
2444411,728064
2444412,729088
2444413,730112
2444414,731136
2444415,732160
2444416,733184
2444417,734208
2444418,735232
2444419,736256
2444420,737280
2444421,738304
2444422,739328
2444423,740352
2444424,741376
2444425,742400
2444426,743424
2444427,744448
2444428,745472
2444429,746496
2444430,747520
2444431,748544
2444432,749568
2444433,750592
2444434,751616
2444435,752640
2444436,753664
2444437,754688
2444438,755712
2444439,756736
2444440,757760
2444441,758784
2444442,759808
2444443,760832
2444444,761856
2444445,762880
2444446,763904
2444447,764928
2444448,765952
2444449,766976
2444450,768000
2444451,769024
2444452,770048
2444453,771072
2444454,772096
2444455,773120
2444456,774144
2444457,775168
2444458,776192
2444459,777216
2444460,778240
2444461,779264
2444462,780288
2444463,781312
2444464,782336
2444465,783360
2444466,784384
2444467,785408
2444468,786432
2444469,787456
2444470,788480
2444471,789504
2444472,790528
2444473,791552
2444474,792576
2444475,793600
2444476,794624
2444477,795648
2444478,796672
2444479,797696
2444480,798720
2444481,799744
2444482,800768
2444483,801792
2444484,802816
2444485,803840
2444486,804864
2444487,805888
2444488,806912
2444489,807936
2444490,808960
2444491,809984
2444492,811008
2444493,812032
2444494,813056
2444495,814080
2444496,815104
2444497,816128
2444498,817152
2444499,818176
2444500,819200
2444501,820224
2444502,821248
2444503,822272
2444504,823296
2444505,824320
2444506,825344
2444507,826368
2444508,827392
2444509,828416
2444510,829440
2444511,830464
2444512,831488
2444513,832512
2444514,833536
2444515,834560
2444516,835584
2444517,836608
2444518,837632
2444519,838656
2444520,839680
2444521,840704
2444522,841728
2444523,842752
2444524,843776
2444525,844800
2444526,845824
2444527,846848
2444528,847872
2444529,848896
2444530,849920
2444531,850944
2444532,851968
2444533,852992
2444534,854016
2444535,855040
2444536,856064
2444537,857088
2444538,858112
2444539,859136
2444540,860160
2444541,861184
2444542,862208
2444543,863232
2444544,864256
2444545,865280
2444546,866304
2444547,867328
2444548,868352
2444549,869376
2444550,870400
2444551,871424
2444552,872448
2444553,873472
2444554,874496
2444555,875520
2444556,876544
2444557,877568
2444558,878592
2444559,879616
2444560,880640
2444561,881664
2444562,882688
2444563,883712
2444564,884736
2444565,885760
2444566,886784
2444567,887808
2444568,888832
2444569,889856
2444570,890880
2444571,891904
2444572,892928
2444573,893952
2444574,894976
2444575,896000
2444576,897024
2444577,898048
2444578,899072
2444579,900096
2444580,901120
2444581,902144
2444582,903168
2444583,904192
2444584,905216
2444585,906240
2444586,907264
2444587,908288
2444588,909312
2444589,910336
2444590,911360
2444591,912384
2444592,913408
2444593,914432
2444594,915456
2444595,916480
2444596,917504
2444597,918528
2444598,919552
2444599,920576
2444600,921600
2444601,922624
2444602,923648
2444603,924672
2444604,925696
2444605,926720
2444606,927744
2444607,928768
2444608,929792
2444609,930816
2444610,931840
2444611,932864
2444612,933888
2444613,934912
2444614,935936
2444615,936960
2444616,937984
2444617,939008
2444618,940032
2444619,941056
2444620,942080
2444621,943104
2444622,944128
2444623,945152
2444624,946176
2444625,947200
2444626,948224
2444627,949248
2444628,950272
2444629,951296
2444630,952320
2444631,953344
2444632,954368
2444633,955392
2444634,956416
2444635,957440
2444636,958464
2444637,959488
2444638,960512
2444639,961536
2444640,962560
2444641,963584
2444642,964608
2444643,965632
2444644,966656
2444645,967680
2444646,968704
2444647,969728
2444648,970752
2444649,971776
2444650,972800
2444651,973824
2444652,974848
2444653,975872
2444654,976896
2444655,977920
2444656,978944
2444657,979968
2444658,980992
2444659,982016
2444660,983040
2444661,984064
2444662,985088
2444663,986112
2444664,987136
2444665,988160
2444666,989184
2444667,990208
2444668,991232
2444669,992256
2444670,993280
2444671,994304
2444672,995328
2444673,996352
2444674,997376
2444675,998400
2444676,999424
2444677,1000448
2444678,1001472
2444679,1002496
2444680,1003520
2444681,1004544
2444682,1005568
2444683,1006592
2444684,1007616
2444685,1008640
2444686,1009664
2444687,1010688
2444688,1011712
2444689,1012736
2444690,1013760
2444691,1014784
2444692,0
2444693,1024
2444694,2048
2444695,3072
2444696,4096
2444697,5120
2444698,6144
2444699,7168
2444700,8192
2444701,9216
2444702,10240
2444703,11264
2444704,12288
2444705,13312
2444706,14336
2444707,15360
2444708,16384
2444709,17408
2444710,18432
2444711,19456
2444712,20480
2444713,21504
2444714,22528
2444715,23552
2444716,24576
2444717,25600
2444718,26624
2444719,27648
2444720,28672
2444721,29696
2444722,30720
2444723,31744
2444724,32768
2444725,33792
2444726,34816
2444727,35840
2444728,36864
2444729,37888
2444730,38912
2444731,39936
2444732,40960
2444733,41984
2444734,43008
2444735,44032
2444736,45056
2444737,46080
2444738,47104
2444739,48128
2444740,49152
2444741,50176
2444742,51200
2444743,52224
2444744,53248
2444745,54272
2444746,55296
2444747,56320
2444748,57344
2444749,58368
2444750,59392
2444751,60416
2444752,61440
2444753,62464
2444754,63488
2444755,64512
2444756,65536
2444757,66560
2444758,67584
2444759,68608
2444760,69632
2444761,70656
2444762,71680
2444763,72704
2444764,73728
2444765,74752
2444766,75776
2444767,76800
2444768,77824
2444769,78848
2444770,79872
2444771,80896
2444772,81920
2444773,82944
2444774,83968
2444775,84992
2444776,86016
2444777,87040
2444778,88064
2444779,89088
2444780,90112
2444781,91136
2444782,92160
2444783,93184
2444784,94208
2444785,95232
2444786,96256
2444787,97280
2444788,98304
2444789,99328
2444790,100352
2444791,101376
2444792,102400
2444793,103424
2444794,104448
2444795,105472
2444796,106496
2444797,107520
2444798,108544
2444799,109568
2444800,110592
2444801,111616
2444802,112640
2444803,113664
2444804,114688
2444805,115712
2444806,116736
2444807,117760
2444808,118784
2444809,119808
2444810,120832
2444811,121856
2444812,122880
2444813,123904
2444814,124928
2444815,125952
2444816,126976
2444817,128000
2444818,129024
2444819,130048
2444820,131072
2444821,132096
2444822,133120
2444823,134144
2444824,135168
2444825,136192
2444826,137216
2444827,138240
2444828,139264
2444829,140288
2444830,141312
2444831,142336
2444832,143360
2444833,144384
2444834,145408
2444835,146432
2444836,147456
2444837,148480
2444838,149504
2444839,150528
2444840,151552
2444841,152576
2444842,153600
2444843,154624
2444844,155648
2444845,156672
2444846,157696
2444847,158720
2444848,159744
2444849,160768
2444850,161792
2444851,162816
2444852,163840
2444853,164864
2444854,165888
2444855,166912
2444856,167936
2444857,168960
2444858,169984
2444859,171008
2444860,172032
2444861,173056
2444862,174080
2444863,175104
2444864,176128
2444865,177152
2444866,178176
2444867,179200
2444868,180224
2444869,181248
2444870,182272
2444871,183296
2444872,184320
2444873,185344
2444874,186368
2444875,187392
2444876,188416
2444877,189440
2444878,190464
2444879,191488
2444880,192512
2444881,193536
2444882,194560
2444883,195584
2444884,196608
2444885,197632
2444886,198656
2444887,199680
2444888,200704
2444889,201728
2444890,202752
2444891,203776
2444892,204800
2444893,205824
2444894,206848
2444895,207872
2444896,208896
2444897,209920
2444898,210944
2444899,211968
2444900,212992
2444901,214016
2444902,215040
2444903,216064
2444904,217088
2444905,218112
2444906,219136
2444907,220160
2444908,221184
2444909,222208
2444910,223232
2444911,224256
2444912,225280
2444913,226304
2444914,227328
2444915,228352
2444916,229376
2444917,230400
2444918,231424
2444919,232448
2444920,233472
2444921,234496
2444922,235520
2444923,236544
2444924,237568
2444925,238592
2444926,239616
2444927,240640
2444928,241664
2444929,242688
2444930,243712
2444931,244736
2444932,245760
2444933,246784
2444934,247808
2444935,248832
2444936,249856
2444937,250880
2444938,251904
2444939,252928
2444940,253952
2444941,254976
2444942,256000
2444943,257024
2444944,258048
2444945,259072
2444946,260096
2444947,261120
2444948,262144
2444949,263168
2444950,264192
2444951,265216
2444952,266240
2444953,267264
2444954,268288
2444955,269312
2444956,270336
2444957,271360
2444958,272384
2444959,273408
2444960,274432
2444961,275456
2444962,276480
2444963,277504
2444964,278528
2444965,279552
2444966,280576
2444967,281600
2444968,282624
2444969,283648
2444970,284672
2444971,285696
2444972,286720
2444973,287744
2444974,288768
2444975,289792
2444976,290816
2444977,291840
2444978,292864
2444979,293888
2444980,294912
2444981,295936
2444982,296960
2444983,297984
2444984,299008
2444985,300032
2444986,301056
2444987,302080
2444988,303104
2444989,304128
2444990,305152
2444991,306176
2444992,307200
2444993,308224
2444994,309248
2444995,310272
2444996,311296
2444997,312320
2444998,313344
2444999,314368
2445000,315392
2445001,316416
2445002,317440
2445003,318464
2445004,319488
2445005,320512
2445006,321536
2445007,322560
2445008,323584
2445009,324608
2445010,325632
2445011,326656
2445012,327680
2445013,328704
2445014,329728
2445015,330752
2445016,331776
2445017,332800
2445018,333824
2445019,334848
2445020,335872
2445021,336896
2445022,337920
2445023,338944
2445024,339968
2445025,340992
2445026,342016
2445027,343040
2445028,344064
2445029,345088
2445030,346112
2445031,347136
2445032,348160
2445033,349184
2445034,350208
2445035,351232
2445036,352256
2445037,353280
2445038,354304
2445039,355328
2445040,356352
2445041,357376
2445042,358400
2445043,359424
2445044,360448
2445045,361472
2445046,362496
2445047,363520
2445048,364544
2445049,365568
2445050,366592
2445051,367616
2445052,368640
2445053,369664
2445054,370688
2445055,371712
2445056,372736
2445057,373760
2445058,374784
2445059,375808
2445060,376832
2445061,377856
2445062,378880
2445063,379904
2445064,380928
2445065,381952
2445066,382976
2445067,384000
2445068,385024
2445069,386048
2445070,387072
2445071,388096
2445072,389120
2445073,390144
2445074,391168
2445075,392192
2445076,393216
2445077,394240
2445078,395264
2445079,396288
2445080,397312
2445081,398336
2445082,399360
2445083,400384
2445084,401408
2445085,402432
2445086,403456
2445087,404480
2445088,405504
2445089,406528
2445090,407552
2445091,408576
2445092,409600
2445093,410624
2445094,411648
2445095,412672
2445096,413696
2445097,414720
2445098,415744
2445099,416768
2445100,417792
2445101,418816
2445102,419840
2445103,420864
2445104,421888
2445105,422912
2445106,423936
2445107,424960
2445108,425984
2445109,427008
2445110,428032
2445111,429056
2445112,430080
2445113,431104
2445114,432128
2445115,433152
2445116,434176
2445117,435200
2445118,436224
2445119,437248
2445120,438272
2445121,439296
2445122,440320
2445123,441344
2445124,442368
2445125,443392
2445126,444416
2445127,445440
2445128,446464
2445129,447488
2445130,448512
2445131,449536
2445132,450560
2445133,451584
2445134,452608
2445135,453632
2445136,454656
2445137,455680
2445138,456704
2445139,457728
2445140,458752
2445141,459776
2445142,460800
2445143,461824
2445144,462848
2445145,463872
2445146,464896
2445147,465920
2445148,466944
2445149,467968
2445150,468992
2445151,470016
2445152,471040
2445153,472064
2445154,473088
2445155,474112
2445156,475136
2445157,476160
2445158,477184
2445159,478208
2445160,479232
2445161,480256
2445162,481280
2445163,482304
2445164,483328
2445165,484352
2445166,485376
2445167,486400
2445168,487424
2445169,488448
2445170,489472
2445171,490496
2445172,491520
2445173,492544
2445174,493568
2445175,494592
2445176,495616
2445177,496640
2445178,497664
2445179,498688
2445180,499712
2445181,500736
2445182,501760
2445183,502784
2445184,503808
2445185,504832
2445186,505856
2445187,506880
2445188,507904
2445189,508928
2445190,509952
2445191,510976
2445192,512000
2445193,513024
2445194,514048
2445195,515072
2445196,516096
2445197,517120
2445198,518144
2445199,519168
2445200,520192
2445201,521216
2445202,522240
2445203,523264
2445204,524288
2445205,525312
2445206,526336
2445207,527360
2445208,528384
2445209,529408
2445210,530432
2445211,531456
2445212,532480
2445213,533504
2445214,534528
2445215,535552
2445216,536576
2445217,537600
2445218,538624
2445219,539648
2445220,540672
2445221,541696
2445222,542720
2445223,543744
2445224,544768
2445225,545792
2445226,546816
2445227,547840
2445228,548864
2445229,549888
2445230,550912
2445231,551936
2445232,552960
2445233,553984
2445234,555008
2445235,556032
2445236,557056
2445237,558080
2445238,559104
2445239,560128
2445240,561152
2445241,562176
2445242,563200
2445243,564224
2445244,565248
2445245,566272
2445246,567296
2445247,568320
2445248,569344
2445249,570368
2445250,571392
2445251,572416
2445252,573440
2445253,574464
2445254,575488
2445255,576512
2445256,577536
2445257,578560
2445258,579584
2445259,580608
2445260,581632
2445261,582656
2445262,583680
2445263,584704
2445264,585728
2445265,586752
2445266,587776
2445267,588800
2445268,589824
2445269,590848
2445270,591872
2445271,592896
2445272,593920
2445273,594944
2445274,595968
2445275,596992
2445276,598016
2445277,599040
2445278,600064
2445279,601088
2445280,602112
2445281,603136
2445282,604160
2445283,605184
2445284,606208
2445285,607232
2445286,608256
2445287,609280
2445288,610304
2445289,611328
2445290,612352
2445291,613376
2445292,614400
2445293,615424
2445294,616448
2445295,617472
2445296,618496
2445297,619520
2445298,620544
2445299,621568
2445300,622592
2445301,623616
2445302,624640
2445303,625664
2445304,626688
2445305,627712
2445306,628736
2445307,629760
2445308,630784
2445309,631808
2445310,632832
2445311,633856
2445312,634880
2445313,635904
2445314,636928
2445315,637952
2445316,638976
2445317,640000
2445318,641024
2445319,642048
2445320,643072
2445321,644096
2445322,645120
2445323,646144
2445324,647168
2445325,648192
2445326,649216
2445327,650240
2445328,651264
2445329,652288
2445330,653312
2445331,654336
2445332,655360
2445333,656384
2445334,657408
2445335,658432
2445336,659456
2445337,660480
2445338,661504
2445339,662528
2445340,663552
2445341,664576
2445342,665600
2445343,666624
2445344,667648
2445345,668672
2445346,669696
2445347,670720
2445348,671744
2445349,672768
2445350,673792
2445351,674816
2445352,675840
2445353,676864
2445354,677888
2445355,678912
2445356,679936
2445357,680960
2445358,681984
2445359,683008
2445360,684032
2445361,685056
2445362,686080
2445363,687104
2445364,688128
2445365,689152
2445366,690176
2445367,691200
2445368,692224
2445369,693248
2445370,694272
2445371,695296
2445372,696320
2445373,697344
2445374,698368
2445375,699392
2445376,700416
2445377,701440
2445378,702464
2445379,703488
2445380,704512
2445381,705536
2445382,706560
2445383,707584
2445384,708608
2445385,709632
2445386,710656
2445387,711680
2445388,712704
2445389,713728
2445390,714752
2445391,715776
2445392,716800
2445393,717824
2445394,718848
2445395,719872
2445396,720896
2445397,721920
2445398,722944
2445399,723968
2445400,724992
2445401,726016
2445402,727040
2445403,728064
2445404,729088
2445405,730112
2445406,731136
2445407,732160
2445408,733184
2445409,734208
2445410,735232
2445411,736256
2445412,737280
2445413,738304
2445414,739328
2445415,740352
2445416,741376
2445417,742400
2445418,743424
2445419,744448
2445420,745472
2445421,746496
2445422,747520
2445423,748544
2445424,749568
2445425,750592
2445426,751616
2445427,752640
2445428,753664
2445429,754688
2445430,755712
2445431,756736
2445432,757760
2445433,758784
2445434,759808
2445435,760832
2445436,761856
2445437,762880
2445438,763904
2445439,764928
2445440,765952
2445441,766976
2445442,768000
2445443,769024
2445444,770048
2445445,771072
2445446,772096
2445447,773120
2445448,774144
2445449,775168
2445450,776192
2445451,777216
2445452,778240
2445453,779264
2445454,780288
2445455,781312
2445456,782336
2445457,783360
2445458,784384
2445459,785408
2445460,786432
2445461,787456
2445462,788480
2445463,789504
2445464,790528
2445465,791552
2445466,792576
2445467,793600
2445468,794624
2445469,795648
2445470,796672
2445471,797696
2445472,798720
2445473,799744
2445474,800768
2445475,801792
2445476,802816
2445477,803840
2445478,804864
2445479,805888
2445480,806912
2445481,807936
2445482,808960
2445483,809984
2445484,811008
2445485,812032
2445486,813056
2445487,814080
2445488,815104
2445489,816128
2445490,817152
2445491,818176
2445492,819200
2445493,820224
2445494,821248
2445495,822272
2445496,823296
2445497,824320
2445498,825344
2445499,826368
2445500,827392
2445501,828416
2445502,829440
2445503,830464
2445504,831488
2445505,832512
2445506,833536
2445507,834560
2445508,835584
2445509,836608
2445510,837632
2445511,838656
2445512,839680
2445513,840704
2445514,841728
2445515,842752
2445516,843776
2445517,844800
2445518,845824
2445519,846848
2445520,847872
2445521,848896
2445522,849920
2445523,850944
2445524,851968
2445525,852992
2445526,854016
2445527,855040
2445528,856064
2445529,857088
2445530,858112
2445531,859136
2445532,860160
2445533,861184
2445534,862208
2445535,863232
2445536,864256
2445537,865280
2445538,866304
2445539,867328
2445540,868352
2445541,869376
2445542,870400
2445543,871424
2445544,872448
2445545,873472
2445546,874496
2445547,875520
2445548,876544
2445549,877568
2445550,878592
2445551,879616
2445552,880640
2445553,881664
2445554,882688
2445555,883712
2445556,884736
2445557,885760
2445558,886784
2445559,887808
2445560,888832
2445561,889856
2445562,890880
2445563,891904
2445564,892928
2445565,893952
2445566,894976
2445567,896000
2445568,897024
2445569,898048
2445570,899072
2445571,900096
2445572,901120
2445573,902144
2445574,903168
2445575,904192
2445576,905216
2445577,906240
2445578,907264
2445579,908288
2445580,909312
2445581,910336
2445582,911360
2445583,912384
2445584,913408
2445585,914432
2445586,915456
2445587,916480
2445588,917504
2445589,918528
2445590,919552
2445591,920576
2445592,921600
2445593,922624
2445594,923648
2445595,924672
2445596,925696
2445597,926720
2445598,927744
2445599,928768
2445600,929792
2445601,930816
2445602,931840
2445603,932864
2445604,933888
2445605,934912
2445606,935936
2445607,936960
2445608,937984
2445609,939008
2445610,940032
2445611,941056
2445612,942080
2445613,943104
2445614,944128
2445615,945152
2445616,946176
2445617,947200
2445618,948224
2445619,949248
2445620,950272
2445621,951296
2445622,952320
2445623,953344
2445624,954368
2445625,955392
2445626,956416
2445627,957440
2445628,958464
2445629,959488
2445630,960512
2445631,961536
2445632,962560
2445633,963584
2445634,964608
2445635,965632
2445636,966656
2445637,967680
2445638,968704
2445639,969728
2445640,970752
2445641,971776
2445642,972800
2445643,973824
2445644,974848
2445645,975872
2445646,976896
2445647,977920
2445648,978944
2445649,979968
2445650,980992
2445651,982016
2445652,983040
2445653,984064
2445654,985088
2445655,986112
2445656,987136
2445657,988160
2445658,989184
2445659,990208
2445660,991232
2445661,992256
2445662,993280
2445663,994304
2445664,995328
2445665,996352
2445666,997376
2445667,998400
2445668,999424
2445669,1000448
2445670,1001472
2445671,1002496
2445672,1003520
2445673,1004544
2445674,1005568
2445675,1006592
2445676,1007616
2445677,1008640
2445678,1009664
2445679,1010688
2445680,1011712
2445681,1012736
2445682,1013760
2445683,1014784
2449536,1015808
2449537,1016832
2449579,1015808
2449580,1016832
2449616,1015808
2449617,1016832
2449671,1015808
2449672,1016832
2449774,1015808
2449775,1016832
2454057,1017856
2454073,1017856
2454222,1017856
2454293,1017856
2454315,1017856
2461331,1018880
2461332,1019904
2461361,1018880
2461362,1019904
2461397,1018880
2461398,1019904
2461437,1018880
2461438,1019904
2461468,1018880
2461469,1019904
2467977,1020928
2467978,1021952
2467979,1022976
2468088,1020928
2468089,1021952
2468090,1022976
2468164,1020928
2468165,1021952
2468166,1022976
2468246,1020928
2468247,1021952
2468248,1022976
2468306,1020928
2468307,1021952
2468308,1022976
2472402,1024000
2472403,1025024
2472442,1024000
2472443,1025024
2472482,1024000
2472483,1025024
2472620,1024000
2472621,1025024
2472698,1024000
2472699,1025024
2479494,1026048
2479495,1027072
2479580,1026048
2479581,1027072
2479666,1026048
2479667,1027072
2479823,1026048
2479824,1027072
2479928,1026048
2479929,1027072
2486091,1028096
2486092,1029120
2486093,1030144
2486094,1031168
2486140,1028096
2486141,1029120
2486142,1030144
2486143,1031168
2486189,1028096
2486190,1029120
2486191,1030144
2486192,1031168
2486239,1028096
2486240,1029120
2486241,1030144
2486242,1031168
2486297,1028096
2486298,1029120
2486299,1030144
2486300,1031168
2491731,1032192
2491732,1033216
2491805,1032192
2491806,1033216
2491880,1032192
2491881,1033216
2491956,1032192
2491957,1033216
2492036,1032192
2492037,1033216
2498768,1034240
2498769,1035264
2498822,1034240
2498823,1035264
2498875,1034240
2498876,1035264
2498943,1034240
2498944,1035264
2499024,1034240
2499025,1035264
2503856,1036288
2503951,1036288
2504051,1036288
2504193,1036288
2504336,1036288
2508391,1037312
2508392,1038336
2508421,1037312
2508422,1038336
2508451,1037312
2508452,1038336
2508540,1037312
2508541,1038336
2508571,1037312
2508572,1038336
2565840,1039360
2565927,1039360
2566014,1039360
2566213,1039360
2566352,1039360
2571768,1040384
2571769,1041408
2571833,1040384
2571834,1041408
2571901,1040384
2571902,1041408
2571994,1040384
2571995,1041408
2572073,1040384
2572074,1041408
2629608,1042432
2629740,1042432
2629885,1042432
2630690,1042432
2630872,1042432
2660764,1043456
2660821,1043456
2660878,1043456
2660996,1043456
2661063,1043456
2672875,1044480
2673019,1044480
2673172,1044480
2673325,1044480
2673480,1044480
2678770,1045504
2678803,1045504
2678846,1045504
2678971,1045504
2679043,1045504
2685795,1046528
2685851,1046528
2685910,1046528
2686077,1046528
2686142,1046528
2694623,1047552
2694624,1048576
2694781,1047552
2694782,1048576
2694935,1047552
2694936,1048576
2695141,1047552
2695142,1048576
2695256,1047552
2695257,1048576
2709262,1049600
2709317,1049600
2709371,1049600
2709436,1049600
2709521,1049600
2719151,1050624
2719197,1050624
2719242,1050624
2719290,1050624
2719346,1050624
2724286,1051648
2724337,1051648
2724387,1051648
2724440,1051648
2724503,1051648
2731513,1052672
2731559,1052672
2731606,1052672
2731653,1052672
2731734,1052672
2741884,1053696
2741885,1054720
2741991,1053696
2741992,1054720
2742098,1053696
2742099,1054720
2742207,1053696
2742208,1054720
2742312,1053696
2742313,1054720
2752943,1055744
2752944,1056768
2753018,1055744
2753019,1056768
2753106,1055744
2753107,1056768
2753190,1055744
2753191,1056768
2753309,1055744
2753310,1056768
2763236,1057792
2763237,1058816
2763238,1059840
2763239,1060864
2763240,1061888
2763333,1057792
2763334,1058816
2763335,1059840
2763336,1060864
2763337,1061888
2763424,1057792
2763425,1058816
2763426,1059840
2763427,1060864
2763428,1061888
2763518,1057792
2763519,1058816
2763520,1059840
2763521,1060864
2763522,1061888
2763640,1057792
2763641,1058816
2763642,1059840
2763643,1060864
2763644,1061888
2779256,1062912
2779257,1063936
2779258,1064960
2779352,1062912
2779353,1063936
2779354,1064960
2779454,1062912
2779455,1063936
2779456,1064960
2779552,1062912
2779553,1063936
2779554,1064960
2779661,1062912
2779662,1063936
2779663,1064960
2789886,1065984
2789887,1067008
2789948,1065984
2789949,1067008
2790011,1065984
2790012,1067008
2790075,1065984
2790076,1067008
2790155,1065984
2790156,1067008
2913635,1068032
2913678,1068032
2913721,1068032
2913764,1068032
2913813,1068032
2977722,1069056
2977723,1070080
2977753,1069056
2977754,1070080
2977784,1069056
2977785,1070080
2977815,1069056
2977816,1070080
2977870,1069056
2977871,1070080
2983443,1071104
2983444,1072128
2983553,1071104
2983554,1072128
2983663,1071104
2983664,1072128
2983772,1071104
2983773,1072128
2984062,1071104
2984063,1072128
3010080,1073152
3010081,1074176
3010145,1073152
3010146,1074176
3010222,1073152
3010223,1074176
3010288,1073152
3010289,1074176
3010362,1073152
3010363,1074176
3018565,1075200
3018566,1076224
3018581,1075200
3018582,1076224
3018662,1075200
3018663,1076224
3018677,1075200
3018678,1076224
3018717,1075200
3018718,1076224
3024561,1077248
3024610,1077248
3024659,1077248
3024705,1077248
3024764,1077248
3029232,1078272
3029233,1079296
3029234,1080320
3029260,1078272
3029261,1079296
3029262,1080320
3029286,1078272
3029287,1079296
3029288,1080320
3029313,1078272
3029314,1079296
3029315,1080320
3029406,1078272
3029407,1079296
3029408,1080320
3033091,1081344
3033112,1081344
3033145,1081344
3033165,1081344
3033186,1081344
3037760,1082368
3037761,1083392
3037815,1082368
3037816,1083392
3037877,1082368
3037878,1083392
3037931,1082368
3037932,1083392
3038123,1082368
3038124,1083392
3077728,1084416
3077729,1085440
3077772,1084416
3077773,1085440
3077822,1084416
3077823,1085440
3077877,1084416
3077878,1085440
3077945,1084416
3077946,1085440
3099111,1086464
3099307,1086464
3099499,1086464
3099688,1086464
3099881,1086464
3107460,1087488
3107461,1088512
3107523,1087488
3107524,1088512
3107582,1087488
3107583,1088512
3107642,1087488
3107643,1088512
3107720,1087488
3107721,1088512
3125926,1089536
3125927,1090560
3126104,1089536
3126105,1090560
3126315,1089536
3126316,1090560
3126494,1089536
3126495,1090560
3126703,1089536
3126704,1090560
3147455,1091584
3147456,1092608
3147457,1093632
3147458,1094656
3147548,1091584
3147549,1092608
3147550,1093632
3147551,1094656
3147723,1091584
3147724,1092608
3147725,1093632
3147726,1094656
3147797,1091584
3147798,1092608
3147799,1093632
3147800,1094656
3147890,1091584
3147891,1092608
3147892,1093632
3147893,1094656
3172488,1095680
3172559,1095680
3172650,1095680
3172715,1095680
3172782,1095680
3189576,1096704
3189577,1097728
3189650,1096704
3189651,1097728
3189725,1096704
3189726,1097728
3189794,1096704
3189795,1097728
3189898,1096704
3189899,1097728
3199885,1098752
3199886,1099776
3200047,1098752
3200048,1099776
3200215,1098752
3200216,1099776
3200373,1098752
3200374,1099776
3200593,1098752
3200594,1099776
3215342,1100800
3215343,1101824
3215373,1100800
3215374,1101824
3215453,1100800
3215454,1101824
3215488,1100800
3215489,1101824
3215568,1100800
3215569,1101824
3223945,1102848
3223946,1103872
3223994,1102848
3223995,1103872
3224091,1102848
3224092,1103872
3224144,1102848
3224145,1103872
3224205,1102848
3224206,1103872
3240411,1104896
3240412,1105920
3240458,1104896
3240459,1105920
3240565,1104896
3240566,1105920
3240611,1104896
3240612,1105920
3240709,1104896
3240710,1105920
3256613,1106944
3256614,1107968
3256665,1106944
3256666,1107968
3256725,1106944
3256726,1107968
3256778,1106944
3256779,1107968
3257036,1106944
3257037,1107968
3271036,1108992
3271037,1110016
3271038,1111040
3271039,1112064
3271249,1108992
3271250,1110016
3271251,1111040
3271252,1112064
3271461,1108992
3271462,1110016
3271463,1111040
3271464,1112064
3271670,1108992
3271671,1110016
3271672,1111040
3271673,1112064
3271904,1108992
3271905,1110016
3271906,1111040
3271907,1112064
3278665,1113088
3278666,1114112
3278667,1115136
3278702,1113088
3278703,1114112
3278704,1115136
3278738,1113088
3278739,1114112
3278740,1115136
3278774,1113088
3278775,1114112
3278776,1115136
3278809,1113088
3278810,1114112
3278811,1115136
3307447,1116160
3307448,1117184
3307449,1118208
3307450,1119232
3307451,1120256
3307541,1116160
3307542,1117184
3307543,1118208
3307544,1119232
3307545,1120256
3307631,1116160
3307632,1117184
3307633,1118208
3307634,1119232
3307635,1120256
3307710,1116160
3307711,1117184
3307712,1118208
3307713,1119232
3307714,1120256
3307915,1116160
3307916,1117184
3307917,1118208
3307918,1119232
3307919,1120256
3322889,1121280
3322890,1122304
3322891,1123328
3322942,1121280
3322943,1122304
3322944,1123328
3323010,1121280
3323011,1122304
3323012,1123328
3323061,1121280
3323062,1122304
3323063,1123328
3323117,1121280
3323118,1122304
3323119,1123328
3332947,1124352
3333037,1124352
3333126,1124352
3333213,1124352
3333329,1124352
3356921,1125376
3357007,1125376
3357148,1125376
3357238,1125376
3357334,1125376
3379701,1126400
3379702,1127424
3380160,1126400
3380161,1127424
3380296,1126400
3380297,1127424
3380418,1126400
3380419,1127424
3380730,1126400
3380731,1127424
3423988,1128448
3423989,1129472
3423990,1130496
3423991,1131520
3424072,1128448
3424073,1129472
3424074,1130496
3424075,1131520
3424266,1128448
3424267,1129472
3424268,1130496
3424269,1131520
3424362,1128448
3424363,1129472
3424364,1130496
3424365,1131520
3424517,1128448
3424518,1129472
3424519,1130496
3424520,1131520
3430023,1132544
3430140,1132544
3430295,1132544
3430366,1132544
3430485,1132544
3437011,1133568
3437037,1133568
3437099,1133568
3437155,1133568
3437212,1133568
3443559,1134592
3443560,1135616
3443678,1134592
3443679,1135616
3443815,1134592
3443816,1135616
3443934,1134592
3443935,1135616
3444159,1134592
3444160,1135616
3568448,1136640
3568449,1137664
3568450,1138688
3568506,1136640
3568507,1137664
3568508,1138688
3568571,1136640
3568572,1137664
3568573,1138688
3568633,1136640
3568634,1137664
3568635,1138688
3568707,1136640
3568708,1137664
3568709,1138688
3572521,1139712
3572522,1140736
3572548,1139712
3572549,1140736
3572579,1139712
3572580,1140736
3572612,1139712
3572613,1140736
3572654,1139712
3572655,1140736
3576749,1141760
3576750,1142784
3576751,1143808
3576790,1141760
3576791,1142784
3576792,1143808
3576830,1141760
3576831,1142784
3576832,1143808
3576871,1141760
3576872,1142784
3576873,1143808
3576909,1141760
3576910,1142784
3576911,1143808
3584817,1144832
3584882,1144832
3584944,1144832
3585060,1144832
3585135,1144832
3594239,1145856
3594240,1146880
3594293,1145856
3594294,1146880
3594347,1145856
3594348,1146880
3594421,1145856
3594422,1146880
3594520,1145856
3594521,1146880
3601817,1147904
3601818,1148928
3601819,1149952
3601820,1150976
3601821,1152000
3601822,1153024
3601863,1147904
3601864,1148928
3601865,1149952
3601866,1150976
3601867,1152000
3601868,1153024
3601909,1147904
3601910,1148928
3601911,1149952
3601912,1150976
3601913,1152000
3601914,1153024
3601958,1147904
3601959,1148928
3601960,1149952
3601961,1150976
3601962,1152000
3601963,1153024
3602108,1147904
3602109,1148928
3602110,1149952
3602111,1150976
3602112,1152000
3602113,1153024
3613306,1154048
3613504,1154048
3613732,1154048
3613928,1154048
3614121,1154048
3620828,1155072
3620829,1156096
3620830,1157120
3620831,1158144
3620832,1159168
3620874,1155072
3620875,1156096
3620876,1157120
3620877,1158144
3620878,1159168
3620938,1155072
3620939,1156096
3620940,1157120
3620941,1158144
3620942,1159168
3620983,1155072
3620984,1156096
3620985,1157120
3620986,1158144
3620987,1159168
3621046,1155072
3621047,1156096
3621048,1157120
3621049,1158144
3621050,1159168
3631226,1160192
3631227,1161216
3631374,1160192
3631375,1161216
3631537,1160192
3631538,1161216
3631646,1160192
3631647,1161216
3631831,1160192
3631832,1161216
3646082,1162240
3646083,1163264
3646251,1162240
3646252,1163264
3646437,1162240
3646438,1163264
3646600,1162240
3646601,1163264
3646770,1162240
3646771,1163264
3654137,1164288
3654138,1165312
3654193,1164288
3654194,1165312
3654248,1164288
3654249,1165312
3654323,1164288
3654324,1165312
3654438,1164288
3654439,1165312
3680334,1166336
3680335,1167360
3680400,1166336
3680401,1167360
3680488,1166336
3680489,1167360
3680556,1166336
3680557,1167360
3680641,1166336
3680642,1167360
3691159,1168384
3691160,1169408
3691214,1168384
3691215,1169408
3691279,1168384
3691280,1169408
3691340,1168384
3691341,1169408
3691441,1168384
3691442,1169408
3695992,1170432
3696042,1170432
3696086,1170432
3696142,1170432
3696253,1170432
3713753,1171456
3713754,1172480
3713841,1171456
3713842,1172480
3713987,1171456
3713988,1172480
3714095,1171456
3714096,1172480
3714264,1171456
3714265,1172480
3729633,1173504
3729634,1174528
3729716,1173504
3729717,1174528
3729843,1173504
3729844,1174528
3729921,1173504
3729922,1174528
3730039,1173504
3730040,1174528
3734611,1175552
3734662,1175552
3734728,1175552
3734771,1175552
3734814,1175552
3739656,1176576
3739657,1177600
3739741,1176576
3739742,1177600
3739822,1176576
3739823,1177600
3739905,1176576
3739906,1177600
3740163,1176576
3740164,1177600
3746671,1178624
3746672,1179648
3746827,1178624
3746828,1179648
3746980,1178624
3746981,1179648
3747135,1178624
3747136,1179648
3747542,1178624
3747543,1179648
3753973,1180672
3753974,1181696
3753975,1182720
3754039,1180672
3754040,1181696
3754041,1182720
3754100,1180672
3754101,1181696
3754102,1182720
3754173,1180672
3754174,1181696
3754175,1182720
3754298,1180672
3754299,1181696
3754300,1182720
3758401,1183744
3758402,1184768
3758432,1183744
3758433,1184768
3758527,1183744
3758528,1184768
3758562,1183744
3758563,1184768
3758612,1183744
3758613,1184768
3762802,1185792
3762893,1185792
3762989,1185792
3763085,1185792
3763286,1185792
3772997,1186816
3772998,1187840
3772999,1188864
3773068,1186816
3773069,1187840
3773070,1188864
3773160,1186816
3773161,1187840
3773162,1188864
3773215,1186816
3773216,1187840
3773217,1188864
3773359,1186816
3773360,1187840
3773361,1188864
3780874,1189888
3780875,1190912
3780876,1191936
3780877,1192960
3780878,1193984
3780879,1195008
3780880,1196032
3780914,1189888
3780915,1190912
3780916,1191936
3780917,1192960
3780918,1193984
3780919,1195008
3780920,1196032
3780974,1189888
3780975,1190912
3780976,1191936
3780977,1192960
3780978,1193984
3780979,1195008
3780980,1196032
3781063,1189888
3781064,1190912
3781065,1191936
3781066,1192960
3781067,1193984
3781068,1195008
3781069,1196032
3781167,1189888
3781168,1190912
3781169,1191936
3781170,1192960
3781171,1193984
3781172,1195008
3781173,1196032
